{"cameraMode":{"drawMode":0,"name":"Shaded","section":"Shading Mode"},"sceneLighting":true,"audioPlay":false,"sceneViewState":{"m_AlwaysRefresh":false,"showFog":true,"showSkybox":true,"showFlares":true,"showImageEffects":true,"showParticleSystems":true,"showVisualEffectGraphs":true,"m_FxEnabled":true},"in2DMode":false,"pivot":{"x":14.297516822814942,"y":5.886970043182373,"z":-28.087146759033204},"rotation":{"x":-0.44653019309043887,"y":0.007523879874497652,"z":-0.003752718213945627,"w":-0.8947358131408691},"size":11.249374389648438,"orthographic":false}