{"cameraMode":{"drawMode":0,"name":"Shaded","section":"Shading Mode"},"sceneLighting":false,"audioPlay":false,"sceneViewState":{"m_AlwaysRefresh":false,"showFog":true,"showSkybox":false,"showFlares":true,"showImageEffects":true,"showParticleSystems":true,"showVisualEffectGraphs":true,"m_FxEnabled":true},"in2DMode":false,"pivot":{"x":0.48187392950057986,"y":1.4322454929351807,"z":9.603074073791504},"rotation":{"x":0.20254682004451753,"y":-0.019973890855908395,"z":0.00413134042173624,"w":0.9790645837783814},"size":1.3874659538269044,"orthographic":false}